组态设备名称:设备0,,,,,,,,,,
驱动库文件路径:d:\mcgspro\program\drivers\plc\西门子\smart200\smart200_ex.ui,,,,,,,,,,
驱动构件名称:西门子_Smart200,,,,,,,,,,
驱动构件版本:7.005,,,,,,,,,,
通道号,变量名,变量类型,通道名称,读写类型,寄存器名称,数据类型,寄存器地址,地址偏移,通道采集频次,通道处理
0,设备0_读写I000_1,INTEGER,读写I000.1,读写,I输入继电器,通道的第01位,0,,1,
1,设备0_读写I000_2,INTEGER,读写I000.2,读写,I输入继电器,通道的第02位,0,,1,
2,设备0_读写I000_3,INTEGER,读写I000.3,读写,I输入继电器,通道的第03位,0,,1,
3,设备0_读写I000_4,INTEGER,读写I000.4,读写,I输入继电器,通道的第04位,0,,1,
4,设备0_读写I000_5,INTEGER,读写I000.5,读写,I输入继电器,通道的第05位,0,,1,
5,设备0_读写I000_6,INTEGER,读写I000.6,读写,I输入继电器,通道的第06位,0,,1,
6,设备0_读写I000_7,INTEGER,读写I000.7,读写,I输入继电器,通道的第07位,0,,1,
7,设备0_读写I001_0,INTEGER,读写I001.0,读写,I输入继电器,通道的第00位,1,,1,
8,设备0_读写I001_1,INTEGER,读写I001.1,读写,I输入继电器,通道的第01位,1,,1,
9,设备0_读写I001_2,INTEGER,读写I001.2,读写,I输入继电器,通道的第02位,1,,1,
10,设备0_读写I001_3,INTEGER,读写I001.3,读写,I输入继电器,通道的第03位,1,,1,
11,设备0_读写I001_4,INTEGER,读写I001.4,读写,I输入继电器,通道的第04位,1,,1,
12,设备0_读写I001_5,INTEGER,读写I001.5,读写,I输入继电器,通道的第05位,1,,1,
13,设备0_读写I001_6,INTEGER,读写I001.6,读写,I输入继电器,通道的第06位,1,,1,
14,设备0_读写I001_7,INTEGER,读写I001.7,读写,I输入继电器,通道的第07位,1,,1,
15,设备0_读写I002_0,INTEGER,读写I002.0,读写,I输入继电器,通道的第00位,2,,1,
16,设备0_读写I002_1,INTEGER,读写I002.1,读写,I输入继电器,通道的第01位,2,,1,
17,设备0_读写I002_2,INTEGER,读写I002.2,读写,I输入继电器,通道的第02位,2,,1,
18,设备0_读写I002_3,INTEGER,读写I002.3,读写,I输入继电器,通道的第03位,2,,1,
19,设备0_读写I002_4,INTEGER,读写I002.4,读写,I输入继电器,通道的第04位,2,,1,
20,设备0_读写I002_5,INTEGER,读写I002.5,读写,I输入继电器,通道的第05位,2,,1,
21,设备0_读写I002_6,INTEGER,读写I002.6,读写,I输入继电器,通道的第06位,2,,1,
22,设备0_读写I002_7,INTEGER,读写I002.7,读写,I输入继电器,通道的第07位,2,,1,
23,设备0_读写I003_0,INTEGER,读写I003.0,读写,I输入继电器,通道的第00位,3,,1,
24,设备0_读写I003_1,INTEGER,读写I003.1,读写,I输入继电器,通道的第01位,3,,1,
25,设备0_读写I003_2,INTEGER,读写I003.2,读写,I输入继电器,通道的第02位,3,,1,
26,设备0_读写I003_3,INTEGER,读写I003.3,读写,I输入继电器,通道的第03位,3,,1,
27,设备0_读写I003_4,INTEGER,读写I003.4,读写,I输入继电器,通道的第04位,3,,1,
28,设备0_读写I003_5,INTEGER,读写I003.5,读写,I输入继电器,通道的第05位,3,,1,
29,设备0_读写I003_6,INTEGER,读写I003.6,读写,I输入继电器,通道的第06位,3,,1,
30,设备0_读写I003_7,INTEGER,读写I003.7,读写,I输入继电器,通道的第07位,3,,1,
31,设备0_读写I004_0,INTEGER,读写I004.0,读写,I输入继电器,通道的第00位,4,,1,
32,设备0_读写I004_1,INTEGER,读写I004.1,读写,I输入继电器,通道的第01位,4,,1,
33,设备0_读写I004_2,INTEGER,读写I004.2,读写,I输入继电器,通道的第02位,4,,1,
34,设备0_读写I004_3,INTEGER,读写I004.3,读写,I输入继电器,通道的第03位,4,,1,
35,设备0_读写I004_4,INTEGER,读写I004.4,读写,I输入继电器,通道的第04位,4,,1,
36,设备0_读写I004_5,INTEGER,读写I004.5,读写,I输入继电器,通道的第05位,4,,1,
37,设备0_读写I004_6,INTEGER,读写I004.6,读写,I输入继电器,通道的第06位,4,,1,
38,设备0_读写I004_7,INTEGER,读写I004.7,读写,I输入继电器,通道的第07位,4,,1,
39,设备0_读写I005_0,INTEGER,读写I005.0,读写,I输入继电器,通道的第00位,5,,1,
40,设备0_读写I005_1,INTEGER,读写I005.1,读写,I输入继电器,通道的第01位,5,,1,
41,设备0_读写I012_0,INTEGER,读写I012.0,读写,I输入继电器,通道的第00位,12,,1,
42,设备0_读写I012_1,INTEGER,读写I012.1,读写,I输入继电器,通道的第01位,12,,1,
43,设备0_读写I012_2,INTEGER,读写I012.2,读写,I输入继电器,通道的第02位,12,,1,
44,设备0_读写I012_3,INTEGER,读写I012.3,读写,I输入继电器,通道的第03位,12,,1,
45,设备0_读写I012_4,INTEGER,读写I012.4,读写,I输入继电器,通道的第04位,12,,1,
46,设备0_读写I012_5,INTEGER,读写I012.5,读写,I输入继电器,通道的第05位,12,,1,
47,设备0_读写I012_6,INTEGER,读写I012.6,读写,I输入继电器,通道的第06位,12,,1,
48,设备0_读写I012_7,INTEGER,读写I012.7,读写,I输入继电器,通道的第07位,12,,1,
49,设备0_读写I013_0,INTEGER,读写I013.0,读写,I输入继电器,通道的第00位,13,,1,
50,设备0_读写I013_1,INTEGER,读写I013.1,读写,I输入继电器,通道的第01位,13,,1,
51,设备0_读写I013_2,INTEGER,读写I013.2,读写,I输入继电器,通道的第02位,13,,1,
52,设备0_读写I013_3,INTEGER,读写I013.3,读写,I输入继电器,通道的第03位,13,,1,
53,设备0_读写Q000_0,INTEGER,读写Q000.0,读写,Q输出继电器,通道的第00位,0,,1,
54,设备0_读写Q000_1,INTEGER,读写Q000.1,读写,Q输出继电器,通道的第01位,0,,1,
55,设备0_读写Q000_2,INTEGER,读写Q000.2,读写,Q输出继电器,通道的第02位,0,,1,
56,设备0_读写Q000_3,INTEGER,读写Q000.3,读写,Q输出继电器,通道的第03位,0,,1,
57,设备0_读写Q000_4,INTEGER,读写Q000.4,读写,Q输出继电器,通道的第04位,0,,1,
58,设备0_读写Q000_5,INTEGER,读写Q000.5,读写,Q输出继电器,通道的第05位,0,,1,
59,设备0_读写Q000_6,INTEGER,读写Q000.6,读写,Q输出继电器,通道的第06位,0,,1,
60,设备0_读写Q000_7,INTEGER,读写Q000.7,读写,Q输出继电器,通道的第07位,0,,1,
61,设备0_读写Q001_0,INTEGER,读写Q001.0,读写,Q输出继电器,通道的第00位,1,,1,
62,设备0_读写Q001_1,INTEGER,读写Q001.1,读写,Q输出继电器,通道的第01位,1,,1,
63,设备0_读写Q001_2,INTEGER,读写Q001.2,读写,Q输出继电器,通道的第02位,1,,1,
64,设备0_读写Q001_3,INTEGER,读写Q001.3,读写,Q输出继电器,通道的第03位,1,,1,
65,设备0_读写Q001_4,INTEGER,读写Q001.4,读写,Q输出继电器,通道的第04位,1,,1,
66,设备0_读写Q001_5,INTEGER,读写Q001.5,读写,Q输出继电器,通道的第05位,1,,1,
67,设备0_读写Q001_6,INTEGER,读写Q001.6,读写,Q输出继电器,通道的第06位,1,,1,
68,设备0_读写Q001_7,INTEGER,读写Q001.7,读写,Q输出继电器,通道的第07位,1,,1,
69,设备0_读写Q002_0,INTEGER,读写Q002.0,读写,Q输出继电器,通道的第00位,2,,1,
70,设备0_读写Q002_1,INTEGER,读写Q002.1,读写,Q输出继电器,通道的第01位,2,,1,
71,设备0_读写Q002_2,INTEGER,读写Q002.2,读写,Q输出继电器,通道的第02位,2,,1,
72,设备0_读写Q002_3,INTEGER,读写Q002.3,读写,Q输出继电器,通道的第03位,2,,1,
73,设备0_读写Q002_4,INTEGER,读写Q002.4,读写,Q输出继电器,通道的第04位,2,,1,
74,设备0_读写Q002_5,INTEGER,读写Q002.5,读写,Q输出继电器,通道的第05位,2,,1,
75,设备0_读写Q002_6,INTEGER,读写Q002.6,读写,Q输出继电器,通道的第06位,2,,1,
76,设备0_读写Q002_7,INTEGER,读写Q002.7,读写,Q输出继电器,通道的第07位,2,,1,
77,设备0_读写Q003_0,INTEGER,读写Q003.0,读写,Q输出继电器,通道的第00位,3,,1,
78,设备0_读写Q003_1,INTEGER,读写Q003.1,读写,Q输出继电器,通道的第01位,3,,1,
79,设备0_读写Q003_2,INTEGER,读写Q003.2,读写,Q输出继电器,通道的第02位,3,,1,
80,设备0_读写Q003_3,INTEGER,读写Q003.3,读写,Q输出继电器,通道的第03位,3,,1,
81,设备0_读写Q003_4,INTEGER,读写Q003.4,读写,Q输出继电器,通道的第04位,3,,1,
82,设备0_读写Q003_5,INTEGER,读写Q003.5,读写,Q输出继电器,通道的第05位,3,,1,
83,设备0_读写Q003_6,INTEGER,读写Q003.6,读写,Q输出继电器,通道的第06位,3,,1,
84,设备0_读写Q003_7,INTEGER,读写Q003.7,读写,Q输出继电器,通道的第07位,3,,1,
85,设备0_读写Q004_0,INTEGER,读写Q004.0,读写,Q输出继电器,通道的第00位,4,,1,
86,设备0_读写Q004_1,INTEGER,读写Q004.1,读写,Q输出继电器,通道的第01位,4,,1,
87,设备0_读写Q004_2,INTEGER,读写Q004.2,读写,Q输出继电器,通道的第02位,4,,1,
88,设备0_读写Q004_3,INTEGER,读写Q004.3,读写,Q输出继电器,通道的第03位,4,,1,
89,设备0_读写Q004_4,INTEGER,读写Q004.4,读写,Q输出继电器,通道的第04位,4,,1,
90,设备0_读写Q004_5,INTEGER,读写Q004.5,读写,Q输出继电器,通道的第05位,4,,1,
91,设备0_读写Q004_6,INTEGER,读写Q004.6,读写,Q输出继电器,通道的第06位,4,,1,
92,设备0_读写Q004_7,INTEGER,读写Q004.7,读写,Q输出继电器,通道的第07位,4,,1,
93,设备0_读写Q005_0,INTEGER,读写Q005.0,读写,Q输出继电器,通道的第00位,5,,1,
94,设备0_读写Q005_1,INTEGER,读写Q005.1,读写,Q输出继电器,通道的第01位,5,,1,
95,设备0_读写Q005_2,INTEGER,读写Q005.2,读写,Q输出继电器,通道的第02位,5,,1,
96,设备0_读写Q005_3,INTEGER,读写Q005.3,读写,Q输出继电器,通道的第03位,5,,1,
97,设备0_读写Q005_4,INTEGER,读写Q005.4,读写,Q输出继电器,通道的第04位,5,,1,
98,设备0_读写Q005_5,INTEGER,读写Q005.5,读写,Q输出继电器,通道的第05位,5,,1,
99,设备0_读写Q005_6,INTEGER,读写Q005.6,读写,Q输出继电器,通道的第06位,5,,1,
100,设备0_读写Q005_7,INTEGER,读写Q005.7,读写,Q输出继电器,通道的第07位,5,,1,
101,设备0_读写Q012_0,INTEGER,读写Q012.0,读写,Q输出继电器,通道的第00位,12,,1,
102,设备0_读写Q012_1,INTEGER,读写Q012.1,读写,Q输出继电器,通道的第01位,12,,1,
103,设备0_读写Q012_2,INTEGER,读写Q012.2,读写,Q输出继电器,通道的第02位,12,,1,
104,设备0_读写Q012_3,INTEGER,读写Q012.3,读写,Q输出继电器,通道的第03位,12,,1,
105,设备0_读写Q012_4,INTEGER,读写Q012.4,读写,Q输出继电器,通道的第04位,12,,1,
106,设备0_读写Q012_5,INTEGER,读写Q012.5,读写,Q输出继电器,通道的第05位,12,,1,
107,设备0_读写Q012_6,INTEGER,读写Q012.6,读写,Q输出继电器,通道的第06位,12,,1,
108,设备0_读写Q012_7,INTEGER,读写Q012.7,读写,Q输出继电器,通道的第07位,12,,1,
109,设备0_读写Q013_0,INTEGER,读写Q013.0,读写,Q输出继电器,通道的第00位,13,,1,
110,设备0_读写Q013_1,INTEGER,读写Q013.1,读写,Q输出继电器,通道的第01位,13,,1,
111,设备0_读写Q013_2,INTEGER,读写Q013.2,读写,Q输出继电器,通道的第02位,13,,1,
112,设备0_读写Q013_3,INTEGER,读写Q013.3,读写,Q输出继电器,通道的第03位,13,,1,
113,设备0_读写Q013_4,INTEGER,读写Q013.4,读写,Q输出继电器,通道的第04位,13,,1,
114,设备0_读写Q013_5,INTEGER,读写Q013.5,读写,Q输出继电器,通道的第05位,13,,1,
115,设备0_读写Q013_6,INTEGER,读写Q013.6,读写,Q输出继电器,通道的第06位,13,,1,
116,设备0_读写Q013_7,INTEGER,读写Q013.7,读写,Q输出继电器,通道的第07位,13,,1,
117,设备0_读写Q014_0,INTEGER,读写Q014.0,读写,Q输出继电器,通道的第00位,14,,1,
118,设备0_读写Q014_1,INTEGER,读写Q014.1,读写,Q输出继电器,通道的第01位,14,,1,
119,设备0_读写Q014_2,INTEGER,读写Q014.2,读写,Q输出继电器,通道的第02位,14,,1,
120,设备0_读写Q014_3,INTEGER,读写Q014.3,读写,Q输出继电器,通道的第03位,14,,1,
121,设备0_读写Q014_4,INTEGER,读写Q014.4,读写,Q输出继电器,通道的第04位,14,,1,
122,设备0_读写Q014_5,INTEGER,读写Q014.5,读写,Q输出继电器,通道的第05位,14,,1,
123,设备0_读写Q014_6,INTEGER,读写Q014.6,读写,Q输出继电器,通道的第06位,14,,1,
124,设备0_读写Q014_7,INTEGER,读写Q014.7,读写,Q输出继电器,通道的第07位,14,,1,
125,设备0_读写M000_0,INTEGER,读写M000.0,读写,M内部继电器,通道的第00位,0,,1,
126,设备0_读写M000_1,INTEGER,读写M000.1,读写,M内部继电器,通道的第01位,0,,1,
127,设备0_读写M000_2,INTEGER,读写M000.2,读写,M内部继电器,通道的第02位,0,,1,
128,设备0_读写M000_3,INTEGER,读写M000.3,读写,M内部继电器,通道的第03位,0,,1,
129,设备0_读写M000_4,INTEGER,读写M000.4,读写,M内部继电器,通道的第04位,0,,1,
130,设备0_读写M000_5,INTEGER,读写M000.5,读写,M内部继电器,通道的第05位,0,,1,
131,设备0_读写M000_6,INTEGER,读写M000.6,读写,M内部继电器,通道的第06位,0,,1,
132,设备0_读写M000_7,INTEGER,读写M000.7,读写,M内部继电器,通道的第07位,0,,1,
133,设备0_读写M001_0,INTEGER,读写M001.0,读写,M内部继电器,通道的第00位,1,,1,
134,设备0_读写M001_2,INTEGER,读写M001.2,读写,M内部继电器,通道的第02位,1,,1,
135,设备0_读写M001_3,INTEGER,读写M001.3,读写,M内部继电器,通道的第03位,1,,1,
136,设备0_读写M001_4,INTEGER,读写M001.4,读写,M内部继电器,通道的第04位,1,,1,
137,设备0_读写M001_5,INTEGER,读写M001.5,读写,M内部继电器,通道的第05位,1,,1,
138,设备0_读写M002_0,INTEGER,读写M002.0,读写,M内部继电器,通道的第00位,2,,1,
139,设备0_读写M002_1,INTEGER,读写M002.1,读写,M内部继电器,通道的第01位,2,,1,
140,设备0_读写M002_2,INTEGER,读写M002.2,读写,M内部继电器,通道的第02位,2,,1,
141,设备0_读写M002_3,INTEGER,读写M002.3,读写,M内部继电器,通道的第03位,2,,1,
142,设备0_读写M002_4,INTEGER,读写M002.4,读写,M内部继电器,通道的第04位,2,,1,
143,设备0_读写M002_5,INTEGER,读写M002.5,读写,M内部继电器,通道的第05位,2,,1,
144,设备0_读写M002_6,INTEGER,读写M002.6,读写,M内部继电器,通道的第06位,2,,1,
145,设备0_读写M002_7,INTEGER,读写M002.7,读写,M内部继电器,通道的第07位,2,,1,
146,设备0_读写M003_0,INTEGER,读写M003.0,读写,M内部继电器,通道的第00位,3,,1,
147,设备0_读写M003_1,INTEGER,读写M003.1,读写,M内部继电器,通道的第01位,3,,1,
148,设备0_读写M004_1,INTEGER,读写M004.1,读写,M内部继电器,通道的第01位,4,,1,
149,设备0_读写M004_2,INTEGER,读写M004.2,读写,M内部继电器,通道的第02位,4,,1,
150,设备0_读写M004_3,INTEGER,读写M004.3,读写,M内部继电器,通道的第03位,4,,1,
151,设备0_读写M004_4,INTEGER,读写M004.4,读写,M内部继电器,通道的第04位,4,,1,
152,设备0_读写M004_5,INTEGER,读写M004.5,读写,M内部继电器,通道的第05位,4,,1,
153,设备0_读写M004_7,INTEGER,读写M004.7,读写,M内部继电器,通道的第07位,4,,1,
154,设备0_读写M006_5,INTEGER,读写M006.5,读写,M内部继电器,通道的第05位,6,,1,
155,设备0_读写M006_6,INTEGER,读写M006.6,读写,M内部继电器,通道的第06位,6,,1,
156,设备0_读写M006_7,INTEGER,读写M006.7,读写,M内部继电器,通道的第07位,6,,1,
157,设备0_读写M007_6,INTEGER,读写M007.6,读写,M内部继电器,通道的第06位,7,,1,
158,设备0_读写M008_0,INTEGER,读写M008.0,读写,M内部继电器,通道的第00位,8,,1,
159,设备0_读写M008_1,INTEGER,读写M008.1,读写,M内部继电器,通道的第01位,8,,1,
160,设备0_读写M008_2,INTEGER,读写M008.2,读写,M内部继电器,通道的第02位,8,,1,
161,设备0_读写M008_3,INTEGER,读写M008.3,读写,M内部继电器,通道的第03位,8,,1,
162,设备0_读写M008_4,INTEGER,读写M008.4,读写,M内部继电器,通道的第04位,8,,1,
163,设备0_读写M008_6,INTEGER,读写M008.6,读写,M内部继电器,通道的第06位,8,,1,
164,设备0_读写M008_7,INTEGER,读写M008.7,读写,M内部继电器,通道的第07位,8,,1,
165,设备0_读写M009_0,INTEGER,读写M009.0,读写,M内部继电器,通道的第00位,9,,1,
166,设备0_读写M009_1,INTEGER,读写M009.1,读写,M内部继电器,通道的第01位,9,,1,
167,设备0_读写M009_4,INTEGER,读写M009.4,读写,M内部继电器,通道的第04位,9,,1,
168,设备0_读写M010_0,INTEGER,读写M010.0,读写,M内部继电器,通道的第00位,10,,1,
169,设备0_读写M010_1,INTEGER,读写M010.1,读写,M内部继电器,通道的第01位,10,,1,
170,设备0_读写M011_2,INTEGER,读写M011.2,读写,M内部继电器,通道的第02位,11,,1,
171,设备0_读写M012_0,INTEGER,读写M012.0,读写,M内部继电器,通道的第00位,12,,1,
172,设备0_读写M012_4,INTEGER,读写M012.4,读写,M内部继电器,通道的第04位,12,,1,
173,设备0_读写M012_5,INTEGER,读写M012.5,读写,M内部继电器,通道的第05位,12,,1,
174,设备0_只读M013_0,INTEGER,只读M013.0,只读,M内部继电器,通道的第00位,13,,1,
175,设备0_只读M013_1,INTEGER,只读M013.1,只读,M内部继电器,通道的第01位,13,,1,
176,设备0_读写M013_3,INTEGER,读写M013.3,读写,M内部继电器,通道的第03位,13,,1,
177,设备0_读写M013_4,INTEGER,读写M013.4,读写,M内部继电器,通道的第04位,13,,1,
178,设备0_读写M013_5,INTEGER,读写M013.5,读写,M内部继电器,通道的第05位,13,,1,
179,设备0_读写M013_6,INTEGER,读写M013.6,读写,M内部继电器,通道的第06位,13,,1,
180,设备0_读写M013_7,INTEGER,读写M013.7,读写,M内部继电器,通道的第07位,13,,1,
181,设备0_读写M014_2,INTEGER,读写M014.2,读写,M内部继电器,通道的第02位,14,,1,
182,设备0_读写M014_6,INTEGER,读写M014.6,读写,M内部继电器,通道的第06位,14,,1,
183,设备0_读写M015_0,INTEGER,读写M015.0,读写,M内部继电器,通道的第00位,15,,1,
184,设备0_读写M015_1,INTEGER,读写M015.1,读写,M内部继电器,通道的第01位,15,,1,
185,设备0_读写M015_2,INTEGER,读写M015.2,读写,M内部继电器,通道的第02位,15,,1,
186,设备0_读写M015_3,INTEGER,读写M015.3,读写,M内部继电器,通道的第03位,15,,1,
187,设备0_读写M015_4,INTEGER,读写M015.4,读写,M内部继电器,通道的第04位,15,,1,
188,设备0_读写M015_5,INTEGER,读写M015.5,读写,M内部继电器,通道的第05位,15,,1,
189,设备0_读写M015_6,INTEGER,读写M015.6,读写,M内部继电器,通道的第06位,15,,1,
190,设备0_读写M015_7,INTEGER,读写M015.7,读写,M内部继电器,通道的第07位,15,,1,
191,设备0_读写M016_0,INTEGER,读写M016.0,读写,M内部继电器,通道的第00位,16,,1,
192,设备0_读写M016_1,INTEGER,读写M016.1,读写,M内部继电器,通道的第01位,16,,1,
193,设备0_读写M016_2,INTEGER,读写M016.2,读写,M内部继电器,通道的第02位,16,,1,
194,设备0_读写M016_3,INTEGER,读写M016.3,读写,M内部继电器,通道的第03位,16,,1,
195,设备0_读写M016_4,INTEGER,读写M016.4,读写,M内部继电器,通道的第04位,16,,1,
196,设备0_读写M016_5,INTEGER,读写M016.5,读写,M内部继电器,通道的第05位,16,,1,
197,设备0_读写M016_6,INTEGER,读写M016.6,读写,M内部继电器,通道的第06位,16,,1,
198,设备0_读写M016_7,INTEGER,读写M016.7,读写,M内部继电器,通道的第07位,16,,1,
199,设备0_读写M017_0,INTEGER,读写M017.0,读写,M内部继电器,通道的第00位,17,,1,
200,设备0_读写M017_1,INTEGER,读写M017.1,读写,M内部继电器,通道的第01位,17,,1,
201,设备0_读写M017_2,INTEGER,读写M017.2,读写,M内部继电器,通道的第02位,17,,1,
202,设备0_读写M017_3,INTEGER,读写M017.3,读写,M内部继电器,通道的第03位,17,,1,
203,设备0_读写M017_4,INTEGER,读写M017.4,读写,M内部继电器,通道的第04位,17,,1,
204,设备0_读写M017_5,INTEGER,读写M017.5,读写,M内部继电器,通道的第05位,17,,1,
205,设备0_读写M017_6,INTEGER,读写M017.6,读写,M内部继电器,通道的第06位,17,,1,
206,设备0_读写M017_7,INTEGER,读写M017.7,读写,M内部继电器,通道的第07位,17,,1,
207,设备0_读写M018_0,INTEGER,读写M018.0,读写,M内部继电器,通道的第00位,18,,1,
208,设备0_读写M018_1,INTEGER,读写M018.1,读写,M内部继电器,通道的第01位,18,,1,
209,设备0_读写M018_2,INTEGER,读写M018.2,读写,M内部继电器,通道的第02位,18,,1,
210,设备0_读写M018_3,INTEGER,读写M018.3,读写,M内部继电器,通道的第03位,18,,1,
211,设备0_读写M018_4,INTEGER,读写M018.4,读写,M内部继电器,通道的第04位,18,,1,
212,设备0_读写M018_5,INTEGER,读写M018.5,读写,M内部继电器,通道的第05位,18,,1,
213,设备0_读写M018_6,INTEGER,读写M018.6,读写,M内部继电器,通道的第06位,18,,1,
214,设备0_读写M018_7,INTEGER,读写M018.7,读写,M内部继电器,通道的第07位,18,,1,
215,设备0_读写M019_0,INTEGER,读写M019.0,读写,M内部继电器,通道的第00位,19,,1,
216,设备0_读写M019_1,INTEGER,读写M019.1,读写,M内部继电器,通道的第01位,19,,1,
217,设备0_读写M019_2,INTEGER,读写M019.2,读写,M内部继电器,通道的第02位,19,,1,
218,设备0_读写M019_3,INTEGER,读写M019.3,读写,M内部继电器,通道的第03位,19,,1,
219,设备0_读写M019_4,INTEGER,读写M019.4,读写,M内部继电器,通道的第04位,19,,1,
220,设备0_读写M019_5,INTEGER,读写M019.5,读写,M内部继电器,通道的第05位,19,,1,
221,设备0_读写M019_6,INTEGER,读写M019.6,读写,M内部继电器,通道的第06位,19,,1,
222,设备0_读写M019_7,INTEGER,读写M019.7,读写,M内部继电器,通道的第07位,19,,1,
223,设备0_读写M020_0,INTEGER,读写M020.0,读写,M内部继电器,通道的第00位,20,,1,
224,设备0_读写M020_3,INTEGER,读写M020.3,读写,M内部继电器,通道的第03位,20,,1,
225,设备0_读写M020_4,INTEGER,读写M020.4,读写,M内部继电器,通道的第04位,20,,1,
226,设备0_读写M020_5,INTEGER,读写M020.5,读写,M内部继电器,通道的第05位,20,,1,
227,设备0_读写M020_6,INTEGER,读写M020.6,读写,M内部继电器,通道的第06位,20,,1,
228,设备0_读写M020_7,INTEGER,读写M020.7,读写,M内部继电器,通道的第07位,20,,1,
229,设备0_读写M021_1,INTEGER,读写M021.1,读写,M内部继电器,通道的第01位,21,,1,
230,设备0_读写M022_4,INTEGER,读写M022.4,读写,M内部继电器,通道的第04位,22,,1,
231,设备0_读写M022_6,INTEGER,读写M022.6,读写,M内部继电器,通道的第06位,22,,1,
232,设备0_读写M022_7,INTEGER,读写M022.7,读写,M内部继电器,通道的第07位,22,,1,
233,设备0_读写M023_0,INTEGER,读写M023.0,读写,M内部继电器,通道的第00位,23,,1,
234,设备0_读写M023_1,INTEGER,读写M023.1,读写,M内部继电器,通道的第01位,23,,1,
235,设备0_读写M023_2,INTEGER,读写M023.2,读写,M内部继电器,通道的第02位,23,,1,
236,设备0_只读M023_4,INTEGER,只读M023.4,只读,M内部继电器,通道的第04位,23,,1,
237,设备0_只读M023_5,INTEGER,只读M023.5,只读,M内部继电器,通道的第05位,23,,1,
238,设备0_读写M023_6,INTEGER,读写M023.6,读写,M内部继电器,通道的第06位,23,,1,
239,设备0_读写M023_7,INTEGER,读写M023.7,读写,M内部继电器,通道的第07位,23,,1,
240,设备0_读写M024_0,INTEGER,读写M024.0,读写,M内部继电器,通道的第00位,24,,1,
241,设备0_读写M024_1,INTEGER,读写M024.1,读写,M内部继电器,通道的第01位,24,,1,
242,设备0_读写M024_2,INTEGER,读写M024.2,读写,M内部继电器,通道的第02位,24,,1,
243,设备0_读写M024_3,INTEGER,读写M024.3,读写,M内部继电器,通道的第03位,24,,1,
244,设备0_读写M024_4,INTEGER,读写M024.4,读写,M内部继电器,通道的第04位,24,,1,
245,设备0_读写M024_5,INTEGER,读写M024.5,读写,M内部继电器,通道的第05位,24,,1,
246,设备0_读写M024_6,INTEGER,读写M024.6,读写,M内部继电器,通道的第06位,24,,1,
247,设备0_读写M024_7,INTEGER,读写M024.7,读写,M内部继电器,通道的第07位,24,,1,
248,设备0_读写M028_1,INTEGER,读写M028.1,读写,M内部继电器,通道的第01位,28,,1,
249,设备0_读写M028_2,INTEGER,读写M028.2,读写,M内部继电器,通道的第02位,28,,1,
250,设备0_读写M028_3,INTEGER,读写M028.3,读写,M内部继电器,通道的第03位,28,,1,
251,设备0_读写M028_4,INTEGER,读写M028.4,读写,M内部继电器,通道的第04位,28,,1,
252,设备0_读写M028_5,INTEGER,读写M028.5,读写,M内部继电器,通道的第05位,28,,1,
253,设备0_读写M028_6,INTEGER,读写M028.6,读写,M内部继电器,通道的第06位,28,,1,
254,设备0_读写M028_7,INTEGER,读写M028.7,读写,M内部继电器,通道的第07位,28,,1,
255,设备0_读写M029_0,INTEGER,读写M029.0,读写,M内部继电器,通道的第00位,29,,1,
256,设备0_读写M029_1,INTEGER,读写M029.1,读写,M内部继电器,通道的第01位,29,,1,
257,设备0_读写M029_2,INTEGER,读写M029.2,读写,M内部继电器,通道的第02位,29,,1,
258,设备0_读写M029_3,INTEGER,读写M029.3,读写,M内部继电器,通道的第03位,29,,1,
259,设备0_读写M030_6,INTEGER,读写M030.6,读写,M内部继电器,通道的第06位,30,,1,
260,设备0_读写M030_7,INTEGER,读写M030.7,读写,M内部继电器,通道的第07位,30,,1,
261,设备0_读写M031_2,INTEGER,读写M031.2,读写,M内部继电器,通道的第02位,31,,1,
262,设备0_读写V020_3,INTEGER,读写V020.3,读写,V数据寄存器,通道的第03位,20,,1,
263,设备0_读写V021_0,INTEGER,读写V021.0,读写,V数据寄存器,通道的第00位,21,,1,
264,设备0_读写V021_1,INTEGER,读写V021.1,读写,V数据寄存器,通道的第01位,21,,1,
265,设备0_读写V021_2,INTEGER,读写V021.2,读写,V数据寄存器,通道的第02位,21,,1,
266,设备0_读写V021_3,INTEGER,读写V021.3,读写,V数据寄存器,通道的第03位,21,,1,
267,设备0_读写V021_4,INTEGER,读写V021.4,读写,V数据寄存器,通道的第04位,21,,1,
268,设备0_读写V021_5,INTEGER,读写V021.5,读写,V数据寄存器,通道的第05位,21,,1,
269,设备0_读写V021_6,INTEGER,读写V021.6,读写,V数据寄存器,通道的第06位,21,,1,
270,设备0_读写V023_0,INTEGER,读写V023.0,读写,V数据寄存器,通道的第00位,23,,1,
271,设备0_读写V024_1,INTEGER,读写V024.1,读写,V数据寄存器,通道的第01位,24,,1,
272,设备0_读写V024_2,INTEGER,读写V024.2,读写,V数据寄存器,通道的第02位,24,,1,
273,设备0_读写V024_3,INTEGER,读写V024.3,读写,V数据寄存器,通道的第03位,24,,1,
274,设备0_读写V024_4,INTEGER,读写V024.4,读写,V数据寄存器,通道的第04位,24,,1,
275,设备0_读写V024_5,INTEGER,读写V024.5,读写,V数据寄存器,通道的第05位,24,,1,
276,设备0_读写V024_6,INTEGER,读写V024.6,读写,V数据寄存器,通道的第06位,24,,1,
277,设备0_读写V024_7,INTEGER,读写V024.7,读写,V数据寄存器,通道的第07位,24,,1,
278,设备0_读写VDF054,SINGLE,读写VDF054,读写,V数据寄存器,32位 浮点数,54,,1,
279,设备0_读写VDF064,SINGLE,读写VDF064,读写,V数据寄存器,32位 浮点数,64,,1,
280,设备0_读写VDF074,SINGLE,读写VDF074,读写,V数据寄存器,32位 浮点数,74,,1,
281,设备0_读写VDF124,SINGLE,读写VDF124,读写,V数据寄存器,32位 浮点数,124,,1,
282,当前产量,SINGLE,读写VWUB128,读写,V数据寄存器,16位 无符号二进制,128,,1,
283,设备0_只读VDF148,SINGLE,只读VDF148,只读,V数据寄存器,32位 浮点数,148,,1,
284,设备0_只读VDF156,SINGLE,只读VDF156,只读,V数据寄存器,32位 浮点数,156,,1,
285,设备0_只读VDF164,SINGLE,只读VDF164,只读,V数据寄存器,32位 浮点数,164,,1,
286,设备0_读写VDF170,SINGLE,读写VDF170,读写,V数据寄存器,32位 浮点数,170,,1,
287,设备0_只读VDUB174,SINGLE,只读VDUB174,只读,V数据寄存器,32位 无符号二进制,174,,1,
288,设备0_读写VDF178,SINGLE,读写VDF178,读写,V数据寄存器,32位 浮点数,178,,1,
289,设备0_读写VDF200,SINGLE,读写VDF200,读写,V数据寄存器,32位 浮点数,200,,1,
290,设备0_读写VWUB204,SINGLE,读写VWUB204,读写,V数据寄存器,16位 无符号二进制,204,,1,
291,设备0_只读VWUB206,SINGLE,只读VWUB206,只读,V数据寄存器,16位 无符号二进制,206,,1,
292,设备0_读写VWUB208,SINGLE,读写VWUB208,读写,V数据寄存器,16位 无符号二进制,208,,1,
293,设备0_读写VDF214,SINGLE,读写VDF214,读写,V数据寄存器,32位 浮点数,214,,1,
294,设备0_读写VWUB218,SINGLE,读写VWUB218,读写,V数据寄存器,16位 无符号二进制,218,,1,
295,设备0_只读VWUB220,SINGLE,只读VWUB220,只读,V数据寄存器,16位 无符号二进制,220,,1,
296,设备0_读写VWUB222,SINGLE,读写VWUB222,读写,V数据寄存器,16位 无符号二进制,222,,1,
297,设备0_读写VDF226,SINGLE,读写VDF226,读写,V数据寄存器,32位 浮点数,226,,1,
298,设备0_读写VWUB230,SINGLE,读写VWUB230,读写,V数据寄存器,16位 无符号二进制,230,,1,
299,设备0_只读VWUB232,SINGLE,只读VWUB232,只读,V数据寄存器,16位 无符号二进制,232,,1,
300,设备0_读写VWUB234,SINGLE,读写VWUB234,读写,V数据寄存器,16位 无符号二进制,234,,1,
301,设备0_读写VDF238,SINGLE,读写VDF238,读写,V数据寄存器,32位 浮点数,238,,1,
302,设备0_读写VWUB242,SINGLE,读写VWUB242,读写,V数据寄存器,16位 无符号二进制,242,,1,
303,设备0_只读VWUB244,SINGLE,只读VWUB244,只读,V数据寄存器,16位 无符号二进制,244,,1,
304,设备0_读写VWUB246,SINGLE,读写VWUB246,读写,V数据寄存器,16位 无符号二进制,246,,1,
305,设备0_读写VDF250,SINGLE,读写VDF250,读写,V数据寄存器,32位 浮点数,250,,1,
306,设备0_读写VWUB254,SINGLE,读写VWUB254,读写,V数据寄存器,16位 无符号二进制,254,,1,
307,设备0_只读VWUB256,SINGLE,只读VWUB256,只读,V数据寄存器,16位 无符号二进制,256,,1,
308,设备0_读写VWUB258,SINGLE,读写VWUB258,读写,V数据寄存器,16位 无符号二进制,258,,1,
309,设备0_读写VDF262,SINGLE,读写VDF262,读写,V数据寄存器,32位 浮点数,262,,1,
310,设备0_读写VWUB266,SINGLE,读写VWUB266,读写,V数据寄存器,16位 无符号二进制,266,,1,
311,设备0_只读VWUB268,SINGLE,只读VWUB268,只读,V数据寄存器,16位 无符号二进制,268,,1,
312,设备0_读写VWUB270,SINGLE,读写VWUB270,读写,V数据寄存器,16位 无符号二进制,270,,1,
313,设备0_读写VDF274,SINGLE,读写VDF274,读写,V数据寄存器,32位 浮点数,274,,1,
314,设备0_读写VWUB278,SINGLE,读写VWUB278,读写,V数据寄存器,16位 无符号二进制,278,,1,
315,设备0_读写VWUB280,SINGLE,读写VWUB280,读写,V数据寄存器,16位 无符号二进制,280,,1,
316,设备0_读写VWUB282,SINGLE,读写VWUB282,读写,V数据寄存器,16位 无符号二进制,282,,1,
317,设备0_读写VWUB286,SINGLE,读写VWUB286,读写,V数据寄存器,16位 无符号二进制,286,,1,
318,设备0_读写VWUB290,SINGLE,读写VWUB290,读写,V数据寄存器,16位 无符号二进制,290,,1,
319,设备0_读写VWUB292,SINGLE,读写VWUB292,读写,V数据寄存器,16位 无符号二进制,292,,1,
320,设备0_读写VWUB294,SINGLE,读写VWUB294,读写,V数据寄存器,16位 无符号二进制,294,,1,
321,设备0_读写VDF296,SINGLE,读写VDF296,读写,V数据寄存器,32位 浮点数,296,,1,
322,设备0_读写VDF312,SINGLE,读写VDF312,读写,V数据寄存器,32位 浮点数,312,,1,
323,设备0_读写VDUB316,SINGLE,读写VDUB316,读写,V数据寄存器,32位 无符号二进制,316,,1,
324,当前长度,SINGLE,读写VDF320,读写,V数据寄存器,32位 浮点数,320,,1,
325,设备0_读写VDUB324,SINGLE,读写VDUB324,读写,V数据寄存器,32位 无符号二进制,324,,1,
326,切管长度,SINGLE,读写VDF364,读写,V数据寄存器,32位 浮点数,364,,1,
327,设备0_读写VWUB400,SINGLE,读写VWUB400,读写,V数据寄存器,16位 无符号二进制,400,,1,
328,设备0_读写VWUB426,SINGLE,读写VWUB426,读写,V数据寄存器,16位 无符号二进制,426,,1,输入:0_1000工程:0_100
329,设备0_读写VWUB440,SINGLE,读写VWUB440,读写,V数据寄存器,16位 无符号二进制,440,,1,
330,设备0_读写VWUB442,SINGLE,读写VWUB442,读写,V数据寄存器,16位 无符号二进制,442,,1,输入:0_1000工程:0_100
331,设备0_读写VWUB444,SINGLE,读写VWUB444,读写,V数据寄存器,16位 无符号二进制,444,,1,
332,设备0_读写VWUB450,SINGLE,读写VWUB450,读写,V数据寄存器,16位 无符号二进制,450,,1,
333,设备0_读写VWUB452,SINGLE,读写VWUB452,读写,V数据寄存器,16位 无符号二进制,452,,1,
334,设备0_读写VWUB454,SINGLE,读写VWUB454,读写,V数据寄存器,16位 无符号二进制,454,,1,输入:0_1000工程:0_100
335,设备0_读写VWUB535,SINGLE,读写VWUB535,读写,V数据寄存器,16位 无符号二进制,535,,1,
336,,SINGLE,读写VDF600,读写,V数据寄存器,32位 浮点数,600,,1,
337,设备0_读写VDF620,SINGLE,读写VDF620,读写,V数据寄存器,32位 浮点数,620,,1,
338,设备0_读写VDF624,SINGLE,读写VDF624,读写,V数据寄存器,32位 浮点数,624,,1,
339,设备0_读写VDF628,SINGLE,读写VDF628,读写,V数据寄存器,32位 浮点数,628,,1,
340,设备0_读写VDF632,SINGLE,读写VDF632,读写,V数据寄存器,32位 浮点数,632,,1,
341,生产速度,SINGLE,读写VDF704,读写,V数据寄存器,32位 浮点数,704,,1,
342,设备0_读写VWUB708,SINGLE,读写VWUB708,读写,V数据寄存器,16位 无符号二进制,708,,1,
343,设备0_读写VWUB720,SINGLE,读写VWUB720,读写,V数据寄存器,16位 无符号二进制,720,,1,
344,设备0_读写VWUB722,SINGLE,读写VWUB722,读写,V数据寄存器,16位 无符号二进制,722,,1,
345,设备0_读写VDF724,SINGLE,读写VDF724,读写,V数据寄存器,32位 浮点数,724,,1,
346,,SINGLE,读写VDF730,读写,V数据寄存器,32位 浮点数,730,,1,
347,设备0_读写VDF800,SINGLE,读写VDF800,读写,V数据寄存器,32位 浮点数,800,,1,
348,设备0_读写VDF804,SINGLE,读写VDF804,读写,V数据寄存器,32位 浮点数,804,,1,
349,设备0_读写VDF808,SINGLE,读写VDF808,读写,V数据寄存器,32位 浮点数,808,,1,
350,设备0_读写VDF812,SINGLE,读写VDF812,读写,V数据寄存器,32位 浮点数,812,,1,
351,设备0_读写VDF840,SINGLE,读写VDF840,读写,V数据寄存器,32位 浮点数,840,,1,
352,设备0_读写VWUB850,SINGLE,读写VWUB850,读写,V数据寄存器,16位 无符号二进制,850,,1,
353,设备0_读写VWUB852,SINGLE,读写VWUB852,读写,V数据寄存器,16位 无符号二进制,852,,1,
354,设备0_读写VDF860,SINGLE,读写VDF860,读写,V数据寄存器,32位 浮点数,860,,1,
355,设备0_读写VDF864,SINGLE,读写VDF864,读写,V数据寄存器,32位 浮点数,864,,1,
356,设备0_读写VDF930,SINGLE,读写VDF930,读写,V数据寄存器,32位 浮点数,930,,1,
357,设备0_读写VDF958,SINGLE,读写VDF958,读写,V数据寄存器,32位 浮点数,958,,1,
358,设备0_只读VDF970,SINGLE,只读VDF970,只读,V数据寄存器,32位 浮点数,970,,1,
359,设备0_读写VDF982,SINGLE,读写VDF982,读写,V数据寄存器,32位 浮点数,982,,1,
360,设备0_读写VDF1000,SINGLE,读写VDF1000,读写,V数据寄存器,32位 浮点数,1000,,1,
361,设备0_读写VDF1008,SINGLE,读写VDF1008,读写,V数据寄存器,32位 浮点数,1008,,1,
362,设备0_读写VDF1016,SINGLE,读写VDF1016,读写,V数据寄存器,32位 浮点数,1016,,1,
363,设备0_读写VDF1024,SINGLE,读写VDF1024,读写,V数据寄存器,32位 浮点数,1024,,1,
364,设备0_读写VWUB1130,SINGLE,读写VWUB1130,读写,V数据寄存器,16位 无符号二进制,1130,,1,
365,生产管径,SINGLE,读写VDF1140,读写,V数据寄存器,32位 浮点数,1140,,1,
366,生产壁厚,SINGLE,读写VDF1150,读写,V数据寄存器,32位 浮点数,1150,,1,
367,原料炉号,SINGLE,读写VWUB1170,读写,V数据寄存器,16位 无符号二进制,1170,,1,
368,空气累计流量,SINGLE,读写VDF1300,读写,V数据寄存器,32位 浮点数,1300,,1,
369,空气当前流量,SINGLE,读写VDF1338,读写,V数据寄存器,32位 浮点数,1338,,1,
370,设备0_读写VWUB1350,SINGLE,读写VWUB1350,读写,V数据寄存器,16位 无符号二进制,1350,,1,
371,设备0_读写VWUB1370,SINGLE,读写VWUB1370,读写,V数据寄存器,16位 无符号二进制,1370,,1,
372,设备0_读写VWUB1372,SINGLE,读写VWUB1372,读写,V数据寄存器,16位 无符号二进制,1372,,1,
373,设备0_读写VWUB1374,SINGLE,读写VWUB1374,读写,V数据寄存器,16位 无符号二进制,1374,,1,
374,设备0_读写VWUB1376,SINGLE,读写VWUB1376,读写,V数据寄存器,16位 无符号二进制,1376,,1,
375,设备0_读写VWUB1378,SINGLE,读写VWUB1378,读写,V数据寄存器,16位 无符号二进制,1378,,1,输入:0_1000工程:0_100
376,设备0_读写VWUB1380,SINGLE,读写VWUB1380,读写,V数据寄存器,16位 无符号二进制,1380,,1,
377,设备0_读写VWUB1382,SINGLE,读写VWUB1382,读写,V数据寄存器,16位 无符号二进制,1382,,1,
378,设备0_读写VWUB1384,SINGLE,读写VWUB1384,读写,V数据寄存器,16位 无符号二进制,1384,,1,
379,设备0_读写VWB1386,SINGLE,读写VWB1386,读写,V数据寄存器,16位 有符号二进制,1386,,1,
380,设备0_读写VWUB1388,SINGLE,读写VWUB1388,读写,V数据寄存器,16位 无符号二进制,1388,,1,输入:0_1000工程:0_100
381,设备0_读写VWUB1390,SINGLE,读写VWUB1390,读写,V数据寄存器,16位 无符号二进制,1390,,1,输入:0_1000工程:0_100
382,设备0_读写VWUB1392,SINGLE,读写VWUB1392,读写,V数据寄存器,16位 无符号二进制,1392,,1,
383,设备0_读写VWUB1394,SINGLE,读写VWUB1394,读写,V数据寄存器,16位 无符号二进制,1394,,1,
384,设备0_读写VWUB1396,SINGLE,读写VWUB1396,读写,V数据寄存器,16位 无符号二进制,1396,,1,
385,设备0_读写VWUB1398,SINGLE,读写VWUB1398,读写,V数据寄存器,16位 无符号二进制,1398,,1,输入:0_1000工程:0_100
386,设备0_读写VWUB1400,SINGLE,读写VWUB1400,读写,V数据寄存器,16位 无符号二进制,1400,,1,
387,设备0_读写VWUB1402,SINGLE,读写VWUB1402,读写,V数据寄存器,16位 无符号二进制,1402,,1,输入:0_1000工程:0_100
388,设备0_读写VDUB1434,SINGLE,读写VDUB1434,读写,V数据寄存器,32位 无符号二进制,1434,,1,
389,设备0_读写VWUB1450,SINGLE,读写VWUB1450,读写,V数据寄存器,16位 无符号二进制,1450,,1,
390,设备0_读写VDF1460,SINGLE,读写VDF1460,读写,V数据寄存器,32位 浮点数,1460,,1,
391,设备0_读写VDF1480,SINGLE,读写VDF1480,读写,V数据寄存器,32位 浮点数,1480,,1,
392,,SINGLE,读写VWUB1500,读写,V数据寄存器,16位 无符号二进制,1500,,1,
393,设备0_读写VWUB1520,SINGLE,读写VWUB1520,读写,V数据寄存器,16位 无符号二进制,1520,,1,
394,初整电机转速,SINGLE,读写VWUB1530,读写,V数据寄存器,16位 无符号二进制,1530,,1,
395,设备0_读写VDUB1550,SINGLE,读写VDUB1550,读写,V数据寄存器,32位 无符号二进制,1550,,1,
396,设备0_读写VDUB1580,SINGLE,读写VDUB1580,读写,V数据寄存器,32位 无符号二进制,1580,,1,
397,T1焊机电流,SINGLE,读写VWUB1586,读写,V数据寄存器,16位 无符号二进制,1586,,1,
398,,SINGLE,读写VWUB1588,读写,V数据寄存器,16位 无符号二进制,1588,,1,
399,T2焊机电流,SINGLE,读写VWUB1590,读写,V数据寄存器,16位 无符号二进制,1590,,1,
400,成型电机转速,SINGLE,读写VWUB1592,读写,V数据寄存器,16位 无符号二进制,1592,,1,
401,整型电机转速,SINGLE,读写VWUB1594,读写,V数据寄存器,16位 无符号二进制,1594,,1,
402,T1下枪位置,SINGLE,读写VDF1596,读写,V数据寄存器,32位 浮点数,1596,,1,
403,设备0_读写VDF1600,SINGLE,读写VDF1600,读写,V数据寄存器,32位 浮点数,1600,,1,
404,T1焊枪位置,SINGLE,读写VDF1604,读写,V数据寄存器,32位 浮点数,1604,,1,
405,T2下枪位置,SINGLE,读写VDF1612,读写,V数据寄存器,32位 浮点数,1612,,1,
406,设备0_读写VDF1616,SINGLE,读写VDF1616,读写,V数据寄存器,32位 浮点数,1616,,1,
407,T2焊枪位置,SINGLE,读写VDF1620,读写,V数据寄存器,32位 浮点数,1620,,1,
408,设备0_读写VDF1628,SINGLE,读写VDF1628,读写,V数据寄存器,32位 浮点数,1628,,1,
409,设备0_读写VDF1632,SINGLE,读写VDF1632,读写,V数据寄存器,32位 浮点数,1632,,1,
410,设备0_读写VDF1644,SINGLE,读写VDF1644,读写,V数据寄存器,32位 浮点数,1644,,1,
411,设备0_读写VDF1648,SINGLE,读写VDF1648,读写,V数据寄存器,32位 浮点数,1648,,1,
412,设备0_读写VDF1652,SINGLE,读写VDF1652,读写,V数据寄存器,32位 浮点数,1652,,1,
413,设备0_读写VDF1664,SINGLE,读写VDF1664,读写,V数据寄存器,32位 浮点数,1664,,1,
414,设备0_读写VDF1674,SINGLE,读写VDF1674,读写,V数据寄存器,32位 浮点数,1674,,1,
415,设备0_读写VDF1684,SINGLE,读写VDF1684,读写,V数据寄存器,32位 浮点数,1684,,1,
416,设备0_读写VDF1690,SINGLE,读写VDF1690,读写,V数据寄存器,32位 浮点数,1690,,1,
417,设备0_读写VDF1694,SINGLE,读写VDF1694,读写,V数据寄存器,32位 浮点数,1694,,1,
418,设备0_读写VDF1698,SINGLE,读写VDF1698,读写,V数据寄存器,32位 浮点数,1698,,1,
419,设备0_读写VDF1702,SINGLE,读写VDF1702,读写,V数据寄存器,32位 浮点数,1702,,1,
420,设备0_读写VDF1706,SINGLE,读写VDF1706,读写,V数据寄存器,32位 浮点数,1706,,1,
421,设备0_读写VDF1710,SINGLE,读写VDF1710,读写,V数据寄存器,32位 浮点数,1710,,1,
422,设备0_读写VDF1714,SINGLE,读写VDF1714,读写,V数据寄存器,32位 浮点数,1714,,1,
423,设备0_读写VDF1718,SINGLE,读写VDF1718,读写,V数据寄存器,32位 浮点数,1718,,1,
424,T1下枪位置,SINGLE,读写VDF1722,读写,V数据寄存器,32位 浮点数,1722,,1,
425,T2下枪位置,SINGLE,读写VDF1726,读写,V数据寄存器,32位 浮点数,1726,,1,
426,设备0_读写VWUB1800,SINGLE,读写VWUB1800,读写,V数据寄存器,16位 无符号二进制,1800,,1,输入:0_1000工程:0_100
427,设备0_读写VWUB1802,SINGLE,读写VWUB1802,读写,V数据寄存器,16位 无符号二进制,1802,,1,
428,设备0_读写VWUB1804,SINGLE,读写VWUB1804,读写,V数据寄存器,16位 无符号二进制,1804,,1,输入:0_1000工程:0_100
429,设备0_读写VWUB1806,SINGLE,读写VWUB1806,读写,V数据寄存器,16位 无符号二进制,1806,,1,
430,设备0_读写VWUB1810,SINGLE,读写VWUB1810,读写,V数据寄存器,16位 无符号二进制,1810,,1,输入:0_1000工程:0_100
431,设备0_读写VWUB1812,SINGLE,读写VWUB1812,读写,V数据寄存器,16位 无符号二进制,1812,,1,
432,设备0_读写VWUB1838,SINGLE,读写VWUB1838,读写,V数据寄存器,16位 无符号二进制,1838,,1,
433,设备0_读写VWUB1840,SINGLE,读写VWUB1840,读写,V数据寄存器,16位 无符号二进制,1840,,1,
434,设备0_读写VWUB1842,SINGLE,读写VWUB1842,读写,V数据寄存器,16位 无符号二进制,1842,,1,
435,设备0_读写VWUB1852,SINGLE,读写VWUB1852,读写,V数据寄存器,16位 无符号二进制,1852,,1,
436,设备0_读写VWUB1854,SINGLE,读写VWUB1854,读写,V数据寄存器,16位 无符号二进制,1854,,1,输入:0_1000工程:0_100
437,设备0_读写VWUB1856,SINGLE,读写VWUB1856,读写,V数据寄存器,16位 无符号二进制,1856,,1,
438,设备0_读写VWUB1860,SINGLE,读写VWUB1860,读写,V数据寄存器,16位 无符号二进制,1860,,1,输入:0_1000工程:0_100
439,设备0_读写VWUB1886,SINGLE,读写VWUB1886,读写,V数据寄存器,16位 无符号二进制,1886,,1,
440,设备0_读写VWUB1888,SINGLE,读写VWUB1888,读写,V数据寄存器,16位 无符号二进制,1888,,1,
441,设备0_读写VWUB1890,SINGLE,读写VWUB1890,读写,V数据寄存器,16位 无符号二进制,1890,,1,
442,氩气累计流量,SINGLE,读写VDF1928,读写,V数据寄存器,32位 浮点数,1928,,1,
443,氩气当前流量,SINGLE,读写VDF1948,读写,V数据寄存器,32位 浮点数,1948,,1,
444,电磁控电压,SINGLE,读写VDF2300,读写,V数据寄存器,32位 浮点数,2300,,1,输入:0_1000工程:0_100
445,设备0_读写VDF2304,SINGLE,读写VDF2304,读写,V数据寄存器,32位 浮点数,2304,,1,
446,设备0_读写VDF2320,SINGLE,读写VDF2320,读写,V数据寄存器,32位 浮点数,2320,,1,
447,设备0_读写VDF2324,SINGLE,读写VDF2324,读写,V数据寄存器,32位 浮点数,2324,,1,
448,电磁控电流,SINGLE,读写VDF2328,读写,V数据寄存器,32位 浮点数,2328,,1,
449,设备0_读写VDF2332,SINGLE,读写VDF2332,读写,V数据寄存器,32位 浮点数,2332,,1,输入:0_10000工程:0_100
450,废品重量,SINGLE,读写VDF2340,读写,V数据寄存器,32位 浮点数,2340,,1,
451,生产米数,SINGLE,读写VDF2344,读写,V数据寄存器,32位 浮点数,2344,,1,
452,原料编号,STRING,读写VSTR4000_210,读写,V数据寄存器,ASCII字符串,4000_210,,1,
453,订单编号,STRING,读写VSTR4500_210,读写,V数据寄存器,ASCII字符串,4500_210,,1,
454,生产材质,STRING,读写VSTR4800_210,读写,V数据寄存器,ASCII字符串,4800_210,,1,
